{"name":"9b0fe1cf-c098-4221-a65c-bb342e7f26df","id":"/providers/Microsoft.Flow/flows/9b0fe1cf-c098-4221-a65c-bb342e7f26df","type":"Microsoft.Flow/flows","properties":{"apiId":"/providers/Microsoft.PowerApps/apis/shared_logicflows","displayName":"Access Token abrufen","definition":{"metadata":{"workflowEntityId":null,"processAdvisorMetadata":null,"flowclientsuspensionreason":"None","flowclientsuspensiontime":null,"creator":{"id":"97e0d958-a210-4abc-8362-e74b12c49270","type":"User","tenantId":"8b5a0a44-4693-4b69-b444-e5378ae9c0aa"},"provisioningMethod":"FromDefinition","failureAlertSubscription":true,"clientLastModifiedTime":"2021-06-07T11:48:10.6662105Z"},"$schema":"https://schema.management.azure.com/providers/Microsoft.Logic/schemas/2016-06-01/workflowdefinition.json#","contentVersion":"1.0.0.0","parameters":{"$authentication":{"defaultValue":{},"type":"SecureObject"}},"triggers":{"manual":{"type":"Request","kind":"Button","inputs":{"schema":{"type":"object","properties":{},"required":[]}}}},"actions":{"HTTP":{"runAfter":{},"type":"Http","inputs":{"method":"POST","uri":"https://login.microsoftonline.com/Tenant_ID/oauth2/token","headers":{"content-type":"application/x-www-form-urlencoded"},"body":"grant_type=client_credentials\n&client_id= \n&client_secret=\n&resource= https://graph.microsoft.com\n&username=\n&password="}},"Bedingung":{"actions":{"JSON_analysieren":{"runAfter":{},"type":"ParseJson","inputs":{"content":"@body('HTTP')","schema":{"type":"object","properties":{"token_type":{"type":"string"},"expires_in":{"type":"string"},"ext_expires_in":{"type":"string"},"expires_on":{"type":"string"},"not_before":{"type":"string"},"resource":{"type":"string"},"access_token":{"type":"string"}}}}}},"runAfter":{"HTTP":["Succeeded"]},"else":{"actions":{"Beenden":{"runAfter":{},"type":"Terminate","inputs":{"runStatus":"Failed","runError":{"code":"401","message":"Access Token nicht gefunden"}}}}},"expression":{"equals":["@outputs('HTTP')['statusCode']",200]},"type":"If"}}},"connectionReferences":{},"flowFailureAlertSubscribed":false}}